Position	Nickname	FPPG	Salary	Team	Opponent	NF Proj	NF Value	DFF Proj	DFF Value	Defense PPG to Pos	USG%	Final Proj	Final Value	PTS for 5x value	Minutes
PF	Giannis Antetokounmpo	52.19	$11,400.00	MIL	DET	53.70	4.71	53.4	4.68	28	33.5	53.55	4.70	57.00	
SG	James Harden	54.83	$11,200.00	HOU	IND	52.90	4.72	47	4.20	21	33.8	49.95	4.46	56.00	
PG	Russell Westbrook	50.54	$10,700.00	WAS	PHI	49.90	4.66	46.2	4.32	4	30	48.05	4.49	53.50	
SG	Bradley Beal	47.21	$10,000.00	WAS	PHI	41.70	4.17	40.6	4.06	18	34.7	41.15	4.12	50.00	
PG	Stephen Curry	48.27	$10,000.00	GS	LAC	45.80	4.58	39	3.90	11	29	42.4	4.24	50.00	
C	Joel Embiid	47.97	$9,900.00	PHI	WAS	53.80	5.43	48.2	4.87	29	27.4	51	5.15	49.50	
SF	Kawhi Leonard	48.42	$9,600.00	LAC	GS	46.20	4.81	44.5	4.64	14	30.6	45.35	4.72	48.00	
C	Andre Drummond	45.51	$9,500.00	CLE	ORL	46.40	4.88	46.2	4.86	12	29.4	46.3	4.87	47.50	
PG	Trae Young	44.54	$9,400.00	ATL	CHA	46.00	4.89	51.3	5.46	28	34.9	48.65	5.18	47.00	
SF	Jayson Tatum	45.15	$9,400.00	BOS	MIA	44.70	4.76	42.1	4.48	7	30.6	43.4	4.62	47.00	
PF	Christian Wood	45.40	$9,100.00	HOU	IND	37.80	4.15	40.1	4.41	3	25.8	38.95	4.28	45.50	
SG	Paul George	42.00	$9,000.00	LAC	GS	44.20	4.91	41.1	4.57	27	31.5	42.65	4.74	45.00	
PF	Julius Randle	45.14	$9,000.00	NY	UTA	46.20	5.13	44.6	4.96	19	26.1	45.4	5.04	45.00	
SF	Brandon Ingram	43.43	$8,800.00	NO	OKC	38.40	4.36	40.1	4.56	29	30.6	39.25	4.46	44.00	
PF	Domantas Sabonis	44.90	$8,800.00	IND	HOU	43.10	4.90	37	4.20	20	29	40.05	4.55	44.00	
PG	Ben Simmons	40.33	$8,700.00	PHI	WAS	44.00	5.06	41.7	4.79	29	20.2	42.85	4.93	43.50	
C	Nikola Vucevic	43.77	$8,700.00	ORL	CLE	43.00	4.94	41.3	4.75	21	24.6	42.15	4.84	43.50	
C	Bam Adebayo	38.27	$8,600.00	MIA	BOS	39.10	4.55	41.7	4.85	10	23.9	40.4	4.70	43.00	
PG	John Wall	39.43	$8,500.00	HOU	IND	36.70	4.32	35	4.12	3	29.2	35.85	4.22	42.50	
SG	Donovan Mitchell	33.86	$8,200.00	UTA	NY	35.20	4.29	34.6	4.22	23	31.6	34.9	4.26	41.00	
C	Rudy Gobert	39.01	$8,200.00	UTA	NY	38.90	4.74	35.4	4.32	16	18.6	37.15	4.53	41.00	
PG	Malcolm Brogdon	42.10	$8,200.00	IND	HOU	36.20	4.41	33.6	4.10	8	22.6	34.9	4.26	41.00	
SF	Jimmy Butler	28.50	$8,100.00	MIA	BOS	38.10	4.70	36.8	4.54	10	23.9	37.45	4.62	40.50	
SG	Zach LaVine	38.36	$8,100.00	CHI	SAC	38.90	4.80	39.4	4.86	10	30.1	39.15	4.83	40.50	
SG	Fred VanVleet	41.85	$8,000.00	TOR	PHO	36.70	4.59	31.9	3.99	2	24.3	34.3	4.29	40.00	
SG	Jaylen Brown	40.99	$8,000.00	BOS	MIA	35.80	4.48	36.7	4.59	8	29.2	36.25	4.53	40.00	
SF	Tobias Harris	39.10	$7,900.00	PHI	WAS	37.20	4.71	39	4.94	19	23.2	38.1	4.82	39.50	
PF	Zion Williamson	34.83	$7,900.00	NO	OKC	38.10	4.82	35.5	4.49	9	28.1	36.8	4.66	39.50	
PG	DeAaron Fox	39.20	$7,800.00	SAC	CHI	40.70	5.22	41.5	5.32	24	28.3	41.1	5.27	39.00	
SF	Gordon Hayward	35.90	$7,700.00	CHA	ATL	35.60	4.62	36.7	4.77	30	23.2	36.15	4.69	38.50	
SF	Khris Middleton	38.54	$7,700.00	MIL	DET	38.00	4.94	38.6	5.01	27	24.2	38.3	4.97	38.50	
SG	Devin Booker	31.33	$7,600.00	PHO	TOR	35.50	4.67	32.7	4.30	3	29.7	34.1	4.49	38.00	
PF	Pascal Siakam	33.08	$7,500.00	TOR	PHO	37.20	4.96	33	4.40	8	24.8	35.1	4.68	37.50	
SG	Shai Gilgeous-Alexander	33.40	$7,500.00	OKC	NO	38.70	5.16	34.1	4.55	9	27.7	36.4	4.85	37.50	
PG	Kyle Lowry	36.40	$7,500.00	TOR	PHO	36.80	4.91	36.6	4.88	21	22.2	36.7	4.89	37.50	
C	Myles Turner	34.97	$7,400.00	IND	HOU	28.50	3.85	35.1	4.74	26	18.8	31.8	4.30	37.00	
SF	Jerami Grant	37.94	$7,300.00	DET	MIL	28.60	3.92	31	4.25	3	25.6	29.8	4.08	36.50	
PG	Chris Paul	32.94	$7,300.00	PHO	TOR	34.70	4.75	36.4	4.99	16	22.2	35.55	4.87	36.50	
C	Deandre Ayton	32.50	$7,200.00	PHO	TOR	33.90	4.71	31.8	4.42	7	19.7	32.85	4.56	36.00	
SG	Victor Oladipo	37.10	$7,200.00	IND	HOU	31.90	4.43	33.9	4.71	1	25.4	32.9	4.57	36.00	
PG	Jrue Holiday	34.87	$7,200.00	MIL	DET	33.10	4.60	37.2	5.17	20	18.7	35.15	4.88	36.00	
PG	Terry Rozier	31.99	$7,100.00	CHA	ATL	30.40	4.28	27.4	3.86	5	25.2	28.9	4.07	35.50	
SG	Collin Sexton	35.54	$7,100.00	CLE	ORL	36.00	5.07	35.6	5.01	15	25.9	35.8	5.04	35.50	
SF	Larry Nance	32.26	$7,000.00	CLE	ORL	30.30	4.33	35.4	5.06	20	12	32.85	4.69	35.00	
PG	Mike Conley	31.90	$7,000.00	UTA	NY	28.60	4.09	29.1	4.16	26	24	28.85	4.12	35.00	
PG	LaMelo Ball	29.09	$6,900.00	CHA	ATL	23.50	3.41	27.6	4.00	5	23.8	25.55	3.70	34.50	
PF	John Collins	31.90	$6,800.00	ATL	CHA	38.40	5.65	34.3	5.04	30	21.9	36.35	5.35	34.00	
C	Thomas Bryant	31.20	$6,800.00	WAS	PHI	29.40	4.32	29.6	4.35	2	19.3	29.5	4.34	34.00	
PG	Darius Garland	32.67	$6,600.00	CLE	ORL	0.00	0.00	#N/A	#N/A	#N/A	#N/A	#N/A	#N/A	33.00	#N/A
C	Clint Capela	31.70	$6,500.00	ATL	CHA	36.60	5.63	39.1	6.02	25	16.4	37.85	5.82	32.50	
SF	RJ Barrett	33.80	$6,500.00	NY	UTA	33.60	5.17	29.4	4.52	13	22.8	31.5	4.85	32.50	
PG	Lonzo Ball	29.01	$6,500.00	NO	OKC	28.20	4.34	29.2	4.49	2	19.8	28.7	4.42	32.50	
SG	Andrew Wiggins	30.77	$6,500.00	GS	LAC	30.50	4.69	28.6	4.40	20	24.7	29.55	4.55	32.50	
PF	Aaron Gordon	27.26	$6,400.00	ORL	CLE	27.30	4.27	31.1	4.86	6	22.6	29.2	4.56	32.00	
PF	Lauri Markkanen	28.48	$6,400.00	CHI	SAC	#N/A	#N/A	#N/A	#N/A	#N/A	#N/A	#N/A	#N/A	32.00	#N/A
C	Mason Plumlee	30.49	$6,300.00	DET	MIL	27.80	4.41	22.3	3.54	28	12.1	25.05	3.98	31.50	
PF	Blake Griffin	29.17	$6,300.00	DET	MIL	28.80	4.57	26.7	4.24	1	20.4	27.75	4.40	31.50	
C	Richaun Holmes	27.90	$6,300.00	SAC	CHI	29.60	4.70	28.5	4.52	30	15	29.05	4.61	31.50	
PF	Chris Boucher	28.78	$6,200.00	TOR	PHO	28.10	4.53	24.8	4.00	20	22.9	26.45	4.27	31.00	
PG	Coby White	28.89	$6,200.00	CHI	SAC	25.30	4.08	28.8	4.65	25	23.1	27.05	4.36	31.00	
SF	Harrison Barnes	31.99	$6,100.00	SAC	CHI	26.90	4.41	27	4.43	4	18.8	26.95	4.42	30.50	
PG	Goran Dragic	24.95	$6,100.00	MIA	BOS	23.00	3.77	22.8	3.74	9	27.4	22.9	3.75	30.50	
PF	Darius Bazley	27.95	$6,000.00	OKC	NO	30.30	5.05	27.3	4.55	15	18.5	28.8	4.80	30.00	
C	Steven Adams	28.84	$6,000.00	NO	OKC	29.10	4.85	27.3	4.55	17	13.7	28.2	4.70	30.00	
SG	Derrick Rose	30.08	$6,000.00	DET	MIL	29.90	4.98	27.1	4.52	19	30.5	28.5	4.75	30.00	
SF	DeAndre Hunter	28.77	$6,000.00	ATL	CHA	21.30	3.55	24.3	4.05	23	16.9	22.8	3.80	30.00	
PG	Marcus Smart	30.81	$5,900.00	BOS	MIA	28.90	4.90	30.3	5.14	12	17	29.6	5.02	29.50	
PG	Kemba Walker	34.20	$5,900.00	BOS	MIA	#N/A	#N/A	#N/A	#N/A	#N/A	#N/A	#N/A	#N/A	29.50	#N/A
SG	Alec Burks	33.23	$5,800.00	NY	UTA	0.00	0.00	25.8	4.45	5	24.9	12.9	2.22	29.00	
SF	Eric Gordon	31.33	$5,800.00	HOU	IND	20.90	3.60	22.7	3.91	6	27.7	21.8	3.76	29.00	
PG	Markelle Fultz	29.07	$5,800.00	ORL	CLE	32.70	5.64	32.5	5.60	30	24.8	32.6	5.62	29.00	
SF	OG Anunoby	27.72	$5,800.00	TOR	PHO	25.20	4.34	25.3	4.36	8	14.9	25.25	4.35	29.00	
PF	Kevin Love	20.45	$5,700.00	CLE	ORL	#N/A	#N/A	#N/A	#N/A	#N/A	#N/A	#N/A	#N/A	28.50	#N/A
SF	Otto Porter	28.34	$5,600.00	CHI	SAC	31.70	5.66	31.7	5.66	24	21.8	31.7	5.66	28.00	
PG	George Hill	22.80	$5,600.00	OKC	NO	23.20	4.14	22.7	4.05	23	19	22.95	4.10	28.00	
SG	Terrence Ross	28.63	$5,500.00	ORL	CLE	24.40	4.44	26.2	4.76	26	25.9	25.3	4.60	27.50	
SF	Mikal Bridges	28.40	$5,500.00	PHO	TOR	27.50	5.00	30.1	5.47	15	14.2	28.8	5.24	27.50	
C	Mitchell Robinson	27.11	$5,500.00	NY	UTA	25.50	4.64	29.4	5.35	5	11.8	27.45	4.99	27.50	
SG	Tyler Herro	28.10	$5,400.00	MIA	BOS	24.50	4.54	25.1	4.65	11	20.7	24.8	4.59	27.00	
SF	Evan Fournier	22.12	$5,300.00	ORL	CLE	26.10	4.92	27.8	5.25	28	20.8	26.95	5.08	26.50	
SG	Eric Bledsoe	24.71	$5,300.00	NO	OKC	28.30	5.34	28.4	5.36	4	18.3	28.35	5.35	26.50	
SG	Jordan Clarkson	24.11	$5,300.00	UTA	NY	23.60	4.45	23.6	4.45	23	28.2	23.6	4.45	26.50	
PF	Bojan Bogdanovic	19.40	$5,300.00	UTA	NY	23.40	4.42	25.1	4.74	21	18.8	24.25	4.58	26.50	
PG	Elfrid Payton	24.86	$5,300.00	NY	UTA	29.70	5.60	29.8	5.62	22	26.2	29.75	5.61	26.50	
C	Al Horford	23.34	$5,300.00	OKC	NO	27.00	5.09	28.9	5.45	15	15	27.95	5.27	26.50	
SF	Kelly Oubre	25.07	$5,300.00	GS	LAC	27.40	5.17	28.9	5.45	1	22.7	28.15	5.31	26.50	
SG	Buddy Hield	25.47	$5,200.00	SAC	CHI	29.60	5.69	30.4	5.85	16	20.2	30	5.77	26.00	
SF	Cedi Osman	22.04	$5,200.00	CLE	ORL	21.90	4.21	23.4	4.50	20	20.9	22.65	4.36	26.00	
SG	Seth Curry	25.51	$5,200.00	PHI	WAS	22.20	4.27	20.6	3.96	6	17.1	21.4	4.12	26.00	
PF	PJ Washington	24.60	$5,200.00	CHA	ATL	25.30	4.87	25	4.81	16	22	25.15	4.84	26.00	
C	Bismack Biyombo	24.29	$5,100.00	CHA	ATL	24.90	4.88	24.5	4.80	24	14.5	24.7	4.84	25.50	
SG	Devonte Graham	25.39	$5,100.00	CHA	ATL	25.80	5.06	24.3	4.76	25	18	25.05	4.91	25.50	
SF	Josh Jackson	27.07	$5,100.00	DET	MIL	20.30	3.98	22.9	4.49	3	27	21.6	4.24	25.50	
PF	Draymond Green	19.30	$5,100.00	GS	LAC	24.00	4.71	27.2	5.33	14	7.7	25.6	5.02	25.50	
PF	Kelly Olynyk	25.08	$5,000.00	MIA	BOS	26.20	5.24	21.8	4.36	4	16.9	24	4.80	25.00	
SF	Miles Bridges	23.91	$5,000.00	CHA	ATL	20.20	4.04	19.4	3.88	30	17.9	19.8	3.96	25.00	
PF	Serge Ibaka	25.04	$5,000.00	LAC	GS	26.70	5.34	24.2	4.84	17	21.2	25.45	5.09	25.00	
SF	Rui Hachimura	23.40	$5,000.00	WAS	PHI	21.80	4.36	20	4.00	21	20.3	20.9	4.18	25.00	
C	Wendell Carter	25.61	$4,900.00	CHI	SAC	29.60	6.04	29.9	6.10	22	18.1	29.75	6.07	24.50	
SG	Tyrese Haliburton	23.00	$4,900.00	SAC	CHI	23.40	4.78	20.9	4.27	16	12.8	22.15	4.52	24.50	
PF	Marvin Bagley	21.34	$4,800.00	SAC	CHI	26.30	5.48	25.2	5.25	24	25.6	25.75	5.36	24.00	
SG	Donte DiVincenzo	24.30	$4,800.00	MIL	DET	25.90	5.40	26.3	5.48	13	18.1	26.1	5.44	24.00	
SF	Danilo Gallinari	12.75	$4,800.00	ATL	CHA	0.00	0.00	#N/A	#N/A	#N/A	#N/A	#N/A	#N/A	24.00	#N/A
C	James Wiseman	24.47	$4,800.00	GS	LAC	20.50	4.27	19.2	4.00	14	23.3	19.85	4.14	24.00	
PF	JaVale McGee	22.51	$4,700.00	CLE	ORL	21.90	4.66	21.7	4.62	13	27	21.8	4.64	23.50	
SG	Luguentz Dort	22.47	$4,700.00	OKC	NO	24.10	5.13	19.9	4.23	9	19.2	22	4.68	23.50	
PF	Bobby Portis	24.54	$4,700.00	MIL	DET	20.40	4.34	23.7	5.04	28	17.6	22.05	4.69	23.50	
SF	Bogdan Bogdanovic	21.31	$4,700.00	ATL	CHA	27.10	5.77	29	6.17	23	18.1	28.05	5.97	23.50	
C	Brook Lopez	18.54	$4,700.00	MIL	DET	21.30	4.53	21.3	4.53	9	14.5	21.3	4.53	23.50	
PG	Payton Pritchard	18.96	$4,700.00	BOS	MIA	10.20	2.17	14.4	3.06	12	15.9	12.3	2.62	23.50	
SF	Joe Ingles	19.57	$4,700.00	UTA	NY	21.10	4.49	21	4.47	16	15.1	21.05	4.48	23.50	
PF	Davis Bertans	18.17	$4,600.00	WAS	PHI	20.00	4.35	17.3	3.76	7	18.5	18.65	4.05	23.00	
C	Robert Williams	22.59	$4,600.00	BOS	MIA	21.10	4.59	21.9	4.76	6	14.7	21.5	4.67	23.00	
SF	Cam Reddish	20.84	$4,600.00	ATL	CHA	24.40	5.30	23.8	5.17	23	17.8	24.1	5.24	23.00	
PG	Shake Milton	22.11	$4,500.00	PHI	WAS	17.20	3.82	17.6	3.91	29	21.1	17.4	3.87	22.50	
SG	Kevin Huerter	22.91	$4,500.00	ATL	CHA	20.70	4.60	23.1	5.13	7	18.1	21.9	4.87	22.50	
PF	Royce ONeale	19.36	$4,500.00	UTA	NY	22.00	4.89	22.5	5.00	21	9	22.25	4.94	22.50	
PF	Nicolas Batum	24.41	$4,400.00	LAC	GS	22.60	5.14	20.5	4.66	17	12.4	21.55	4.90	22.00	
SG	Josh Hart	21.66	$4,400.00	NO	OKC	23.40	5.32	24	5.45	4	12.3	23.7	5.39	22.00	
PF	Tristan Thompson	21.96	$4,400.00	BOS	MIA	19.50	4.43	21.2	4.82	23	16.2	20.35	4.63	22.00	
SF	Trevor Ariza	19.82	$4,400.00	OKC	NO	#N/A	#N/A	#N/A	#N/A	#N/A	#N/A	#N/A	#N/A	22.00	#N/A
C	Cody Zeller	20.60	$4,400.00	CHA	ATL	0.00	0.00	#N/A	#N/A	#N/A	#N/A	#N/A	#N/A	22.00	#N/A
SG	Delon Wright	18.17	$4,400.00	DET	MIL	18.90	4.30	19.3	4.39	19	14.3	19.1	4.34	22.00	
PF	Jae Crowder	20.87	$4,400.00	PHO	TOR	24.50	5.57	19.5	4.43	8	14.7	22	5.00	22.00	
C	Daniel Theis	16.48	$4,300.00	BOS	MIA	20.40	4.74	19.4	4.51	6	13.3	19.9	4.63	21.50	
PF	Marquese Chriss	17.80	$4,300.00	GS	LAC	#N/A	#N/A	#N/A	#N/A	#N/A	#N/A	#N/A	#N/A	21.50	#N/A
PG	Jeff Teague	19.73	$4,300.00	BOS	MIA	18.20	4.23	19.7	4.58	12	18	18.95	4.41	21.50	
SF	Patrick Williams	18.27	$4,300.00	CHI	SAC	22.80	5.30	18.9	4.40	24	17.5	20.85	4.85	21.50	
SF	Deni Avdija	20.27	$4,200.00	WAS	PHI	18.60	4.43	18	4.29	21	10.4	18.3	4.36	21.00	
SF	Cameron Johnson	20.69	$4,200.00	PHO	TOR	19.00	4.52	19.5	4.64	15	20.3	19.25	4.58	21.00	
PG	Raul Neto	16.40	$4,200.00	WAS	PHI	13.30	3.17	9.7	2.31	4	17.5	11.5	2.74	21.00	
SF	Justin Jackson	13.65	$4,200.00	OKC	NO	3.30	0.79	2.7	0.64	17	17.9	3	0.71	21.00	
PF	PJ Tucker	16.32	$4,200.00	HOU	IND	#N/A	#N/A	#N/A	#N/A	#N/A	#N/A	#N/A	#N/A	21.00	#N/A
C	DeMarcus Cousins	12.83	$4,100.00	HOU	IND	11.90	2.90	14.7	3.59	27	31.4	13.3	3.24	20.50	
SG	Duncan Robinson	19.33	$4,100.00	MIA	BOS	19.10	4.66	20.7	5.05	11	16.2	19.9	4.85	20.50	
SG	Hamidou Diallo	18.98	$4,100.00	OKC	NO	19.10	4.66	15.9	3.88	9	21.3	17.5	4.27	20.50	
PF	Isaiah Roby	19.33	$4,100.00	OKC	NO	#N/A	#N/A	12	2.93	15	18	#N/A	#N/A	20.50	
SF	Saddiq Bey	15.83	$4,100.00	DET	MIL	18.90	4.61	16.5	4.02	3	17.7	17.7	4.32	20.50	
PF	Thaddeus Young	20.67	$4,100.00	CHI	SAC	21.50	5.24	25.3	6.17	5	17.9	23.4	5.71	20.50	
C	Aron Baynes	13.83	$4,000.00	TOR	PHO	20.70	5.18	17.8	4.45	20	16.5	19.25	4.81	20.00	
C	Derrick Favors	19.00	$4,000.00	UTA	NY	22.10	5.53	18	4.50	16	17.5	20.05	5.01	20.00	
C	Hassan Whiteside	14.70	$4,000.00	SAC	CHI	8.90	2.23	10.1	2.53	30	22	9.5	2.38	20.00	
SG	Jeremy Lamb	24.83	$4,000.00	IND	HOU	#N/A	#N/A	#N/A	#N/A	#N/A	#N/A	#N/A	#N/A	20.00	#N/A
SF	Justin Holiday	19.87	$4,000.00	IND	HOU	20.80	5.20	24.3	6.08	26	12.7	22.55	5.64	20.00	
PF	Eric Paschall	18.03	$4,000.00	GS	LAC	13.10	3.28	13.7	3.43	14	18.6	13.4	3.35	20.00	
SF	Danuel House	17.52	$4,000.00	HOU	IND	0.00	0.00	#N/A	#N/A	#N/A	#N/A	#N/A	#N/A	20.00	#N/A
PG	Cole Anthony	20.71	$4,000.00	ORL	CLE	16.50	4.13	19.5	4.88	30	23.2	18	4.50	20.00	
SF	Obi Toppin	20.10	$4,000.00	NY	UTA	#N/A	#N/A	#N/A	#N/A	#N/A	#N/A	#N/A	#N/A	20.00	#N/A
PG	Lou Williams	17.89	$4,000.00	LAC	GS	21.00	5.25	25.4	6.35	27	22	23.2	5.80	20.00	
SG	Dwayne Bacon	13.90	$3,900.00	ORL	CLE	13.30	3.41	13.7	3.51	26	14.8	13.5	3.46	19.50	
SF	Danny Green	17.16	$3,900.00	PHI	WAS	18.40	4.72	18.3	4.69	19	13.9	18.35	4.71	19.50	
SG	Avery Bradley	19.22	$3,900.00	MIA	BOS	12.90	3.31	10.1	2.59	11	17.8	11.5	2.95	19.50	
PG	Tomas Satoransky	20.47	$3,900.00	CHI	SAC	#N/A	#N/A	#N/A	#N/A	#N/A	#N/A	#N/A	#N/A	19.50	#N/A
C	Ivica Zubac	18.08	$3,900.00	LAC	GS	21.10	5.41	25.2	6.46	23	15	23.15	5.94	19.50	
PG	Rajon Rondo	19.70	$3,900.00	ATL	CHA	0.00	0.00	#N/A	#N/A	#N/A	#N/A	#N/A	#N/A	19.50	#N/A
SF	Kevin Porter	18.86	$3,900.00	CLE	ORL	#N/A	#N/A	#N/A	#N/A	#N/A	#N/A	#N/A	#N/A	19.50	#N/A
SG	Sterling Brown	14.72	$3,900.00	HOU	IND	13.10	3.36	11.5	2.95	21	11.7	12.3	3.15	19.50	
PF	Doug McDermott	17.73	$3,900.00	IND	HOU	14.70	3.77	16.2	4.15	27	21.4	15.45	3.96	19.50	
SG	JJ Redick	10.56	$3,900.00	NO	OKC	#N/A	#N/A	#N/A	#N/A	#N/A	#N/A	#N/A	#N/A	19.50	#N/A
SG	Luke Kennard	15.06	$3,900.00	LAC	GS	15.00	3.85	19.7	5.05	27	16.4	17.35	4.45	19.50	
PF	Jabari Parker	26.55	$3,800.00	SAC	CHI	1.50	0.39	1	0.26	24	0	1.25	0.33	19.00	
SF	James Ennis	13.85	$3,800.00	ORL	CLE	11.30	2.97	9.4	2.47	28	0	10.35	2.72	19.00	
SF	JaeSean Tate	16.40	$3,800.00	HOU	IND	16.10	4.24	13.6	3.58	6	13	14.85	3.91	19.00	
PF	Marcus Morris	26.92	$3,800.00	LAC	GS	15.30	4.03	15.4	4.05	17	0	15.35	4.04	19.00	
PG	Patrick Beverley	19.13	$3,800.00	LAC	GS	18.70	4.92	23.8	6.26	27	13.5	21.25	5.59	19.00	
SG	Reggie Jackson	12.64	$3,800.00	LAC	GS	9.10	2.39	10.3	2.71	27	18.3	9.7	2.55	19.00	
PG	Cory Joseph	18.14	$3,800.00	SAC	CHI	15.10	3.97	16.6	4.37	24	15.9	15.85	4.17	19.00	
PG	Ish Smith	14.73	$3,800.00	WAS	PHI	11.20	2.95	11.7	3.08	4	15.8	11.45	3.01	19.00	
SG	Wayne Ellington	17.50	$3,800.00	DET	MIL	5.80	1.53	10.9	2.87	19	17.3	8.35	2.20	19.00	
SG	Matt Thomas	13.17	$3,800.00	TOR	PHO	1.20	0.32	3.5	0.92	2	16.5	2.35	0.62	19.00	
PG	Kris Dunn	22.39	$3,800.00	ATL	CHA	#N/A	#N/A	#N/A	#N/A	#N/A	#N/A	#N/A	#N/A	19.00	#N/A
PF	Dario Saric	16.37	$3,800.00	PHO	TOR	13.30	3.50	13.9	3.66	8	27.3	13.6	3.58	19.00	
SG	Nickeil Alexander-Walker	12.74	$3,800.00	NO	OKC	12.30	3.24	8	2.11	4	29	10.15	2.67	19.00	
PF	Isaiah Stewart	14.56	$3,800.00	DET	MIL	11.50	3.03	12.4	3.26	1	10.2	11.95	3.14	19.00	
SG	Malik Monk	4.50	$3,800.00	CHA	ATL	2.80	0.74	8.2	2.16	25	12	5.5	1.45	19.00	
PF	Tony Bradley	21.10	$3,800.00	PHI	WAS	3.10	0.82	#N/A	#N/A	#N/A	#N/A	#N/A	#N/A	19.00	#N/A
PG	Cameron Payne	17.77	$3,800.00	PHO	TOR	13.90	3.66	15.5	4.08	16	19.7	14.7	3.87	19.00	
C	Dwight Howard	14.31	$3,800.00	PHI	WAS	18.60	4.89	18.5	4.87	29	19.9	18.55	4.88	19.00	
SG	Andre Iguodala	11.68	$3,800.00	MIA	BOS	9.10	2.39	11.4	3.00	11	13.1	10.25	2.70	19.00	
PF	Gary Clark	8.30	$3,800.00	ORL	CLE	11.50	3.03	#N/A	#N/A	#N/A	#N/A	#N/A	#N/A	19.00	#N/A
PF	Mike Muscala	16.22	$3,800.00	OKC	NO	13.70	3.61	14.8	3.89	15	20.5	14.25	3.75	19.00	
PF	Nemanja Bjelica	13.80	$3,700.00	SAC	CHI	15.00	4.05	16.8	4.54	24	19	15.9	4.30	18.50	
PG	Killian Hayes	9.73	$3,700.00	DET	MIL	#N/A	#N/A	#N/A	#N/A	#N/A	#N/A	#N/A	#N/A	18.50	#N/A
PG	Theo Maledon	12.92	$3,700.00	OKC	NO	8.50	2.30	9.3	2.51	23	18.9	8.9	2.41	18.50	
C	Kevon Looney	11.63	$3,700.00	GS	LAC	11.90	3.22	9.1	2.46	14	11.1	10.5	2.84	18.50	
PF	Khem Birch	18.13	$3,700.00	ORL	CLE	15.90	4.30	11.4	3.08	6	15.8	13.65	3.69	18.50	
SF	Chandler Hutchison	9.85	$3,700.00	CHI	SAC	#N/A	#N/A	#N/A	#N/A	#N/A	#N/A	#N/A	#N/A	18.50	#N/A
PG	Austin Rivers	16.33	$3,700.00	NY	UTA	18.30	4.95	17.7	4.78	22	15.6	18	4.86	18.50	
SG	David Nwaba	17.55	$3,700.00	HOU	IND	8.40	2.27	11.1	3.00	21	17.1	9.75	2.64	18.50	
SF	Isaac Bonga	11.70	$3,700.00	WAS	PHI	12.10	3.27	6.7	1.81	21	8.9	9.4	2.54	18.50	
PG	Jordan Poole	9.02	$3,700.00	GS	LAC	5.50	1.49	11.6	3.14	15	21.1	8.55	2.31	18.50	
PG	DJ Augustin	11.15	$3,700.00	MIL	DET	#N/A	#N/A	#N/A	#N/A	#N/A	#N/A	#N/A	#N/A	18.50	#N/A
PG	Michael Carter-Williams	16.03	$3,700.00	ORL	CLE	0.00	0.00	#N/A	#N/A	#N/A	#N/A	#N/A	#N/A	18.50	#N/A
SF	Precious Achiuwa	14.52	$3,700.00	MIA	BOS	11.50	3.11	11.9	3.22	10	21.8	11.7	3.16	18.50	
SF	Norman Powell	14.80	$3,700.00	TOR	PHO	17.10	4.62	19.3	5.22	2	20.1	18.2	4.92	18.50	
PG	Frank Jackson	9.76	$3,700.00	DET	MIL	#N/A	#N/A	#N/A	#N/A	#N/A	#N/A	#N/A	#N/A	18.50	#N/A
PG	Immanuel Quickley	15.27	$3,700.00	NY	UTA	13.40	3.62	14	3.78	22	21.4	13.7	3.70	18.50	
SG	Damion Lee	14.61	$3,700.00	GS	LAC	17.60	4.76	14.8	4.00	20	10.2	16.2	4.38	18.50	
SF	DaQuan Jeffries	7.32	$3,600.00	SAC	CHI	#N/A	#N/A	#N/A	#N/A	#N/A	#N/A	#N/A	#N/A	18.00	#N/A
SG	Reggie Bullock	17.54	$3,600.00	NY	UTA	21.50	5.97	18.2	5.06	5	15.2	19.85	5.51	18.00	
PG	Matthew Dellavedova	9.54	$3,600.00	CLE	ORL	0.00	0.00	#N/A	#N/A	#N/A	#N/A	#N/A	#N/A	18.00	#N/A
SG	Tony Snell	15.38	$3,600.00	ATL	CHA	0.00	0.00	#N/A	#N/A	#N/A	#N/A	#N/A	#N/A	18.00	#N/A
SF	Caleb Martin	15.50	$3,600.00	CHA	ATL	0.60	0.17	10.8	3.00	30	18.3	5.7	1.58	18.00	
SG	Pat Connaughton	14.87	$3,600.00	MIL	DET	#N/A	#N/A	10.8	3.00	13	12	#N/A	#N/A	18.00	
C	Willy Hernangomez	7.30	$3,600.00	NO	OKC	#N/A	#N/A	0.6	0.17	17	16.7	#N/A	#N/A	18.00	
SF	Troy Brown	8.78	$3,600.00	WAS	PHI	10.40	2.89	#N/A	#N/A	#N/A	#N/A	#N/A	#N/A	18.00	#N/A
SG	Svi Mykhailiuk	14.90	$3,600.00	DET	MIL	#N/A	#N/A	#N/A	#N/A	#N/A	#N/A	#N/A	#N/A	18.00	#N/A
PG	Dante Exum	12.32	$3,600.00	CLE	ORL	0.00	0.00	#N/A	#N/A	#N/A	#N/A	#N/A	#N/A	18.00	#N/A
SF	Maurice Harkless	1.42	$3,600.00	MIA	BOS	6.10	1.69	10.4	2.89	10	8	8.25	2.29	18.00	
SG	Torrey Craig	4.90	$3,600.00	MIL	DET	#N/A	#N/A	#N/A	#N/A	#N/A	#N/A	#N/A	#N/A	18.00	#N/A
SG	Ben McLemore	15.82	$3,600.00	HOU	IND	0.00	0.00	#N/A	#N/A	#N/A	#N/A	#N/A	#N/A	18.00	#N/A
PG	Frank Ntilikina	8.57	$3,600.00	NY	UTA	0.00	0.00	#N/A	#N/A	#N/A	#N/A	#N/A	#N/A	18.00	#N/A
SF	Isaac Okoro	12.35	$3,600.00	CLE	ORL	11.90	3.31	15.3	4.25	20	8	13.6	3.78	18.00	
PG	Kendrick Nunn	10.30	$3,600.00	MIA	BOS	2.30	0.64	6.4	1.78	9	24.2	4.35	1.21	18.00	
PG	TJ McConnell	16.14	$3,600.00	IND	HOU	#N/A	#N/A	#N/A	#N/A	#N/A	#N/A	#N/A	#N/A	18.00	#N/A
SF	Denzel Valentine	17.08	$3,600.00	CHI	SAC	19.70	5.47	14.5	4.03	24	13.2	17.1	4.75	18.00	
SG	Garrison Mathews	3.60	$3,500.00	WAS	PHI	#N/A	#N/A	#N/A	#N/A	#N/A	#N/A	#N/A	#N/A	17.50	#N/A
PG	Gabe Vincent	12.40	$3,500.00	MIA	BOS	#N/A	#N/A	#N/A	#N/A	#N/A	#N/A	#N/A	#N/A	17.50	#N/A
SG	Theo Pinson	0.30	$3,500.00	NY	UTA	0.00	0.00	#N/A	#N/A	#N/A	#N/A	#N/A	#N/A	17.50	#N/A
SG	Paul Watson	2.70	$3,500.00	TOR	PHO	#N/A	#N/A	#N/A	#N/A	#N/A	#N/A	#N/A	#N/A	17.50	#N/A
SF	Juan Toscano-Anderson	12.08	$3,500.00	GS	LAC	1.70	0.49	6.7	1.91	1	7.3	4.2	1.20	17.50	
SF	Mychal Mulder	7.13	$3,500.00	GS	LAC	3.70	1.06	#N/A	#N/A	#N/A	#N/A	#N/A	#N/A	17.50	#N/A
PF	Chris Silva	3.50	$3,500.00	MIA	BOS	0.90	0.26	#N/A	#N/A	#N/A	#N/A	#N/A	#N/A	17.50	#N/A
C	Moses Brown	8.50	$3,500.00	OKC	NO	#N/A	#N/A	#N/A	#N/A	#N/A	#N/A	#N/A	#N/A	17.50	#N/A
PF	Juwan Morgan	1.20	$3,500.00	UTA	NY	#N/A	#N/A	#N/A	#N/A	#N/A	#N/A	#N/A	#N/A	17.50	#N/A
PF	Sekou Doumbouya	11.89	$3,500.00	DET	MIL	2.60	0.74	4.3	1.23	1	20	3.45	0.99	17.50	
SG	Deividas Sirvydis	0.00	$3,500.00	DET	MIL	#N/A	#N/A	#N/A	#N/A	#N/A	#N/A	#N/A	#N/A	17.50	#N/A
PF	Marques Bolden	2.60	$3,500.00	CLE	ORL	#N/A	#N/A	#N/A	#N/A	#N/A	#N/A	#N/A	#N/A	17.50	#N/A
PF	Patrick Patterson	6.90	$3,500.00	LAC	GS	2.60	0.74	3.7	1.06	17	14	3.15	0.90	17.50	
SG	Dakota Mathias	7.13	$3,500.00	PHI	WAS	7.80	2.23	#N/A	#N/A	#N/A	#N/A	#N/A	#N/A	17.50	#N/A
PF	Al-Farouq Aminu	15.27	$3,500.00	ORL	CLE	#N/A	#N/A	#N/A	#N/A	#N/A	#N/A	#N/A	#N/A	17.50	#N/A
SF	Solomon Hill	9.39	$3,500.00	ATL	CHA	14.60	4.17	#N/A	#N/A	#N/A	#N/A	#N/A	#N/A	17.50	#N/A
PG	Jared Harper	0.00	$3,500.00	NY	UTA	0.00	0.00	#N/A	#N/A	#N/A	#N/A	#N/A	#N/A	17.50	#N/A
PF	Frank Kaminsky	7.16	$3,500.00	PHO	TOR	0.50	0.14	8.2	2.34	8	23.4	4.35	1.24	17.50	
SG	Javonte Green	7.75	$3,500.00	BOS	MIA	1.00	0.29	#N/A	#N/A	#N/A	#N/A	#N/A	#N/A	17.50	#N/A
SF	Max Strus	8.50	$3,500.00	MIA	BOS	#N/A	#N/A	#N/A	#N/A	#N/A	#N/A	#N/A	#N/A	17.50	#N/A
C	Tacko Fall	9.20	$3,500.00	BOS	MIA	#N/A	#N/A	#N/A	#N/A	#N/A	#N/A	#N/A	#N/A	17.50	#N/A
SF	TJ Warren	22.08	$3,500.00	IND	HOU	#N/A	#N/A	#N/A	#N/A	#N/A	#N/A	#N/A	#N/A	17.50	#N/A
PF	Nathan Knight	6.07	$3,500.00	ATL	CHA	0.10	0.03	#N/A	#N/A	#N/A	#N/A	#N/A	#N/A	17.50	#N/A
PF	Nicolo Melli	7.52	$3,500.00	NO	OKC	1.20	0.34	1.7	0.49	9	13.5	1.45	0.41	17.50	
PF	Georges Niang	2.07	$3,500.00	UTA	NY	4.60	1.31	3.4	0.97	21	8.4	4	1.14	17.50	
SG	Sindarius Thornwell	6.10	$3,500.00	NO	OKC	#N/A	#N/A	#N/A	#N/A	#N/A	#N/A	#N/A	#N/A	17.50	#N/A
SG	Terence Davis	9.60	$3,500.00	TOR	PHO	4.50	1.29	8.8	2.51	2	22.3	6.65	1.90	17.50	
C	Damian Jones	4.05	$3,500.00	PHO	TOR	#N/A	#N/A	#N/A	#N/A	#N/A	#N/A	#N/A	#N/A	17.50	#N/A
PF	Luke Kornet	5.20	$3,500.00	CHI	SAC	0.10	0.03	#N/A	#N/A	#N/A	#N/A	#N/A	#N/A	17.50	#N/A
SG	Damyean Dotson	9.57	$3,500.00	CLE	ORL	16.00	4.57	21.5	6.14	15	12.6	18.75	5.36	17.50	
SG	Jay Scrubb	0.00	$3,500.00	LAC	GS	#N/A	#N/A	#N/A	#N/A	#N/A	#N/A	#N/A	#N/A	17.50	#N/A
SF	Kenyon Martin	0.00	$3,500.00	HOU	IND	0.00	0.00	#N/A	#N/A	#N/A	#N/A	#N/A	#N/A	17.50	#N/A
PF	Aleksej Pokusevski	11.66	$3,500.00	OKC	NO	#N/A	#N/A	#N/A	#N/A	#N/A	#N/A	#N/A	#N/A	17.50	#N/A
PF	Anthony Gill	3.00	$3,500.00	WAS	PHI	0.10	0.03	#N/A	#N/A	#N/A	#N/A	#N/A	#N/A	17.50	#N/A
C	Robin Lopez	13.04	$3,500.00	WAS	PHI	10.80	3.09	13.8	3.94	2	14.5	12.3	3.51	17.50	
C	Anzejs Pasecniks	-2.30	$3,500.00	WAS	PHI	#N/A	#N/A	#N/A	#N/A	#N/A	#N/A	#N/A	#N/A	17.50	#N/A
C	Thon Maker	7.90	$3,500.00	CLE	ORL	11.40	3.26	#N/A	#N/A	#N/A	#N/A	#N/A	#N/A	17.50	#N/A
SG	Furkan Korkmaz	11.90	$3,500.00	PHI	WAS	#N/A	#N/A	#N/A	#N/A	#N/A	#N/A	#N/A	#N/A	17.50	#N/A
SG	Klay Thompson	0.00	$3,500.00	GS	LAC	#N/A	#N/A	#N/A	#N/A	#N/A	#N/A	#N/A	#N/A	17.50	#N/A
SG	DeAndre Bembry	2.37	$3,500.00	TOR	PHO	0.90	0.26	1.8	0.51	2	15	1.35	0.39	17.50	
PG	Ryan Arcidiacono	14.60	$3,500.00	CHI	SAC	#N/A	#N/A	#N/A	#N/A	#N/A	#N/A	#N/A	#N/A	17.50	#N/A
C	Mo Bamba	5.90	$3,500.00	ORL	CLE	#N/A	#N/A	#N/A	#N/A	#N/A	#N/A	#N/A	#N/A	17.50	#N/A
SF	Kevin Knox	13.79	$3,500.00	NY	UTA	11.60	3.31	11	3.14	13	14.9	11.3	3.23	17.50	
PG	Jerome Robinson	8.55	$3,500.00	WAS	PHI	0.10	0.03	3.8	1.09	4	12.9	1.95	0.56	17.50	
PF	Mamadi Diakite	0.00	$3,500.00	MIL	DET	#N/A	#N/A	#N/A	#N/A	#N/A	#N/A	#N/A	#N/A	17.50	#N/A
PG	Jevon Carter	5.79	$3,500.00	PHO	TOR	2.60	0.74	8.4	2.40	16	14.3	5.5	1.57	17.50	
SF	ETwaun Moore	-2.00	$3,500.00	PHO	TOR	5.30	1.51	#N/A	#N/A	#N/A	#N/A	#N/A	#N/A	17.50	#N/A
SG	Ty-Shon Alexander	1.35	$3,500.00	PHO	TOR	#N/A	#N/A	#N/A	#N/A	#N/A	#N/A	#N/A	#N/A	17.50	#N/A
C	Chimezie Metu	7.00	$3,500.00	SAC	CHI	#N/A	#N/A	#N/A	#N/A	#N/A	#N/A	#N/A	#N/A	17.50	#N/A
PF	Omari Spellman	16.74	$3,500.00	NY	UTA	0.10	0.03	#N/A	#N/A	#N/A	#N/A	#N/A	#N/A	17.50	#N/A
C	Jahlil Okafor	10.70	$3,500.00	DET	MIL	0.20	0.06	6.5	1.86	28	16.5	3.35	0.96	17.50	
SF	KZ Okpala	5.73	$3,500.00	MIA	BOS	#N/A	#N/A	#N/A	#N/A	#N/A	#N/A	#N/A	#N/A	17.50	#N/A
SF	Jarrell Brantley	9.06	$3,500.00	UTA	NY	#N/A	#N/A	#N/A	#N/A	#N/A	#N/A	#N/A	#N/A	17.50	#N/A
PG	Jordan Bone	4.55	$3,500.00	ORL	CLE	#N/A	#N/A	#N/A	#N/A	#N/A	#N/A	#N/A	#N/A	17.50	#N/A
SG	Mason Jones	0.00	$3,500.00	HOU	IND	#N/A	#N/A	#N/A	#N/A	#N/A	#N/A	#N/A	#N/A	17.50	#N/A
SG	Terance Mann	5.99	$3,500.00	LAC	GS	0.50	0.14	#N/A	#N/A	#N/A	#N/A	#N/A	#N/A	17.50	#N/A
C	Moritz Wagner	7.65	$3,500.00	WAS	PHI	0.20	0.06	#N/A	#N/A	#N/A	#N/A	#N/A	#N/A	17.50	#N/A
SG	Bryn Forbes	9.87	$3,500.00	MIL	DET	15.10	4.31	14	4.00	13	19	14.55	4.16	17.50	
SG	Brian Bowen	2.73	$3,500.00	IND	HOU	#N/A	#N/A	#N/A	#N/A	#N/A	#N/A	#N/A	#N/A	17.50	#N/A
PG	Aaron Holiday	13.09	$3,500.00	IND	HOU	18.90	5.40	16.7	4.77	8	15.3	17.8	5.09	17.50	
PG	Tremont Waters	7.47	$3,500.00	BOS	MIA	#N/A	#N/A	#N/A	#N/A	#N/A	#N/A	#N/A	#N/A	17.50	#N/A
PF	Grant Williams	12.87	$3,500.00	BOS	MIA	10.70	3.06	8.7	2.49	23	14	9.7	2.77	17.50	
SG	Romeo Langford	5.77	$3,500.00	BOS	MIA	#N/A	#N/A	#N/A	#N/A	#N/A	#N/A	#N/A	#N/A	17.50	#N/A
SF	Matisse Thybulle	7.87	$3,500.00	PHI	WAS	14.80	4.23	13.8	3.94	19	10.7	14.3	4.09	17.50	
PF	Daniel Gafford	14.54	$3,500.00	CHI	SAC	13.10	3.74	15.4	4.40	5	13.5	14.25	4.07	17.50	
SG	Miye Oni	3.50	$3,500.00	UTA	NY	0.10	0.03	#N/A	#N/A	#N/A	#N/A	#N/A	#N/A	17.50	#N/A
SG	Yuta Watanabe	8.25	$3,500.00	TOR	PHO	#N/A	#N/A	#N/A	#N/A	#N/A	#N/A	#N/A	#N/A	17.50	#N/A
SF	Glenn Robinson	9.57	$3,500.00	SAC	CHI	10.70	3.06	#N/A	#N/A	#N/A	#N/A	#N/A	#N/A	17.50	#N/A
PF	Bruno Fernando	9.20	$3,500.00	ATL	CHA	2.60	0.74	8.1	2.31	30	11.1	5.35	1.53	17.50	
SG	Ty Jerome	8.36	$3,500.00	OKC	NO	1.70	0.49	#N/A	#N/A	#N/A	#N/A	#N/A	#N/A	17.50	#N/A
PG	Carsen Edwards	5.87	$3,500.00	BOS	MIA	1.90	0.54	4.5	1.29	12	26.8	3.2	0.91	17.50	
SF	Ignas Brazdeikis	2.20	$3,500.00	NY	UTA	0.00	0.00	#N/A	#N/A	#N/A	#N/A	#N/A	#N/A	17.50	#N/A
SG	Justin James	2.75	$3,500.00	SAC	CHI	#N/A	#N/A	#N/A	#N/A	#N/A	#N/A	#N/A	#N/A	17.50	#N/A
PF	Chuma Okeke	10.32	$3,500.00	ORL	CLE	0.00	0.00	#N/A	#N/A	#N/A	#N/A	#N/A	#N/A	17.50	#N/A
SG	Dylan Windler	8.00	$3,500.00	CLE	ORL	#N/A	#N/A	#N/A	#N/A	#N/A	#N/A	#N/A	#N/A	17.50	#N/A
C	Jaxson Hayes	11.14	$3,500.00	NO	OKC	16.50	4.71	15.2	4.34	17	12.2	15.85	4.53	17.50	
SF	Thanasis Antetokounmpo	6.42	$3,500.00	MIL	DET	#N/A	#N/A	6.6	1.89	27	12.4	#N/A	#N/A	17.50	
SF	Abdel Nader	11.05	$3,500.00	PHO	TOR	#N/A	#N/A	#N/A	#N/A	#N/A	#N/A	#N/A	#N/A	17.50	#N/A
SG	Cody Martin	10.80	$3,500.00	CHA	ATL	12.50	3.57	11.3	3.23	25	9.5	11.9	3.40	17.50	
PF	Jalen McDaniels	9.04	$3,500.00	CHA	ATL	17.80	5.09	11.2	3.20	16	18.9	14.5	4.14	17.50	
PF	Nerlens Noel	14.50	$3,500.00	NY	UTA	15.50	4.43	18	5.14	19	13.9	16.75	4.79	17.50	
PF	Bruno Caboclo	4.47	$3,500.00	HOU	IND	0.70	0.20	#N/A	#N/A	#N/A	#N/A	#N/A	#N/A	17.50	#N/A
SF	Mfiondu Kabengele	3.96	$3,500.00	LAC	GS	#N/A	#N/A	#N/A	#N/A	#N/A	#N/A	#N/A	#N/A	17.50	#N/A
C	Goga Bitadze	8.27	$3,500.00	IND	HOU	#N/A	#N/A	#N/A	#N/A	#N/A	#N/A	#N/A	#N/A	17.50	#N/A
SG	Kyle Guy	9.00	$3,500.00	SAC	CHI	#N/A	#N/A	#N/A	#N/A	#N/A	#N/A	#N/A	#N/A	17.50	#N/A
PF	Alen Smailagic	8.64	$3,500.00	GS	LAC	1.60	0.46	#N/A	#N/A	#N/A	#N/A	#N/A	#N/A	17.50	#N/A
C	Vincent Poirier	5.55	$3,500.00	PHI	WAS	0.40	0.11	#N/A	#N/A	#N/A	#N/A	#N/A	#N/A	17.50	#N/A
SG	Patrick McCaw	13.29	$3,500.00	TOR	PHO	1.10	0.31	#N/A	#N/A	#N/A	#N/A	#N/A	#N/A	17.50	#N/A
PF	Dean Wade	5.45	$3,500.00	CLE	ORL	5.80	1.66	4.2	1.20	13	12.3	5	1.43	17.50	
SG	Adam Mokoka	8.03	$3,500.00	CHI	SAC	#N/A	#N/A	#N/A	#N/A	#N/A	#N/A	#N/A	#N/A	17.50	#N/A
PG	Karim Mane	2.40	$3,500.00	ORL	CLE	#N/A	#N/A	#N/A	#N/A	#N/A	#N/A	#N/A	#N/A	17.50	#N/A
C	Meyers Leonard	6.55	$3,500.00	MIA	BOS	1.10	0.31	0.5	0.14	10	14.1	0.8	0.23	17.50	
PF	JaKarr Sampson	4.53	$3,500.00	IND	HOU	1.70	0.49	#N/A	#N/A	#N/A	#N/A	#N/A	#N/A	17.50	#N/A
SF	Kenrich Williams	7.15	$3,500.00	OKC	NO	11.40	3.26	#N/A	#N/A	#N/A	#N/A	#N/A	#N/A	17.50	#N/A
PG	Shaquille Harrison	4.57	$3,500.00	UTA	NY	0.00	0.00	#N/A	#N/A	#N/A	#N/A	#N/A	#N/A	17.50	#N/A
PG	Chris Clemons	7.98	$3,500.00	HOU	IND	#N/A	#N/A	#N/A	#N/A	#N/A	#N/A	#N/A	#N/A	17.50	#N/A
SG	Nate Darling	0.00	$3,500.00	CHA	ATL	#N/A	#N/A	#N/A	#N/A	#N/A	#N/A	#N/A	#N/A	17.50	#N/A
SF	Garrett Temple	14.54	$3,500.00	CHI	SAC	16.10	4.60	17.6	5.03	24	13.2	16.85	4.81	17.50	
SF	Kent Bazemore	10.66	$3,500.00	GS	LAC	12.20	3.49	9.4	2.69	1	12.3	10.8	3.09	17.50	
PG	Jaylen Adams	0.00	$3,500.00	MIL	DET	#N/A	#N/A	#N/A	#N/A	#N/A	#N/A	#N/A	#N/A	17.50	#N/A
SG	Brodric Thomas	3.87	$3,500.00	HOU	IND	0.10	0.03	#N/A	#N/A	#N/A	#N/A	#N/A	#N/A	17.50	#N/A
SG	Langston Galloway	5.97	$3,500.00	PHO	TOR	9.60	2.74	4.5	1.29	3	18.4	7.05	2.01	17.50	
C	Will Magnay	0.00	$3,500.00	NO	OKC	#N/A	#N/A	#N/A	#N/A	#N/A	#N/A	#N/A	#N/A	17.50	#N/A
PF	Udonis Haslem	7.93	$3,500.00	MIA	BOS	#N/A	#N/A	#N/A	#N/A	#N/A	#N/A	#N/A	#N/A	17.50	#N/A
SG	Rodney McGruder	0.00	$3,500.00	DET	MIL	0.30	0.09	#N/A	#N/A	#N/A	#N/A	#N/A	#N/A	17.50	#N/A
PF	Amir Coffey	2.70	$3,500.00	LAC	GS	#N/A	#N/A	#N/A	#N/A	#N/A	#N/A	#N/A	#N/A	17.50	#N/A
SF	Darius Miller	2.00	$3,500.00	OKC	NO	0.60	0.17	#N/A	#N/A	#N/A	#N/A	#N/A	#N/A	17.50	#N/A
SG	Skylar Mays	0.00	$3,500.00	ATL	CHA	#N/A	#N/A	#N/A	#N/A	#N/A	#N/A	#N/A	#N/A	17.50	#N/A
PG	Brad Wanamaker	12.86	$3,500.00	GS	LAC	12.40	3.54	12.8	3.66	15	15.2	12.6	3.60	17.50	
SF	Naji Marshall	0.00	$3,500.00	NO	OKC	#N/A	#N/A	#N/A	#N/A	#N/A	#N/A	#N/A	#N/A	17.50	#N/A
C	Onyeka Okongwu	0.00	$3,500.00	ATL	CHA	0.10	0.03	#N/A	#N/A	#N/A	#N/A	#N/A	#N/A	17.50	#N/A
PG	Saben Lee	0.00	$3,500.00	DET	MIL	0.80	0.23	#N/A	#N/A	#N/A	#N/A	#N/A	#N/A	17.50	#N/A
SF	Kelan Martin	3.20	$3,500.00	IND	HOU	0.00	0.00	#N/A	#N/A	#N/A	#N/A	#N/A	#N/A	17.50	#N/A
SG	Grant Riller	0.00	$3,500.00	CHA	ATL			#N/A			#N/A	#N/A	0.00	17.50	#N/A
PG	Edmond Sumner	0.00	$3,500.00	IND	HOU			#N/A							
C	Udoka Azubuike	5.20	$3,500.00	UTA	NY										
SF	Josh Hall	3.27	$3,500.00	OKC	NO										
SF	Elijah Hughes	4.37	$3,500.00	UTA	NY										
PF	Vernon Carey	5.70	$3,500.00	CHA	ATL										
PF	Jordan Nwora	9.60	$3,500.00	MIL	DET										
C	Nick Richards	3.27	$3,500.00	CHA	ATL										
PG	Kira Lewis	4.25	$3,500.00	NO	OKC										
PG	Sam Merrill	6.66	$3,500.00	MIL	DET										
PF	Jalen Smith	6.75	$3,500.00	PHO	TOR										
SF	Jonathan Isaac	32.27	$3,500.00	ORL	CLE										
C	Daniel Oturu	6.60	$3,500.00	LAC	GS										
PG	Dennis Smith	11.40	$3,500.00	NY	UTA										
PG	Isaiah Joe	5.33	$3,500.00	PHI	WAS										
SG	Tyrese Maxey	11.36	$3,500.00	PHI	WAS										
SF	Paul Reed	2.00	$3,500.00	PHI	WAS										
SG	Terrance Ferguson	0.90	$3,500.00	PHI	WAS										
PF	DJ Wilson	8.60	$3,500.00	MIL	DET										
SG	Aaron Nesmith	5.50	$3,500.00	BOS	MIA										
PG	Jahmius Ramsey	3.10	$3,500.00	SAC	CHI										
SG	Cassius Stanley	2.60	$3,500.00	IND	HOU										
PG	Jalen Harris	0.00	$3,500.00	TOR	PHO										
PG	Malachi Flynn	1.50	$3,500.00	TOR	PHO										
PG	Nico Mannion	5.40	$3,500.00	GS	LAC										
PF	Robert Woodard	6.70	$3,500.00	SAC	CHI										
C	Alex Len	9.38	$3,500.00	TOR	PHO										
PG	Cassius Winston	0.00	$3,500.00	WAS	PHI										
SG	Devon Dotson	5.20	$3,500.00	CHI	SAC										
SG	Trent Forrest	6.50	$3,500.00	UTA	NY										
PF	Lamar Stevens	6.13	$3,500.00	CLE	ORL										
SF	Semi Ojeleye	9.57	$3,500.00	BOS	MIA										
PF	Wenyen Gabriel	5.85	$3,500.00	NO	OKC										
PG	Jalen Lecque	4.05	$3,500.00	IND	HOU										
SF	Stanley Johnson	10.10	$3,500.00	TOR	PHO										
PF	Mike Scott	8.52	$3,500.00	PHI	WAS										
C	Cristiano Felicio	6.60	$3,500.00	CHI	SAC										
PG	Brandon Goodwin	7.70	$3,500.00	ATL	CHA										